id,name,model_id:id,group_id:id,perm_read,perm_write,perm_create,perm_unlink

access_employee_incident_admin,access_employee_incident_admin,model_employee_incident,techtrioz_group_admin,1,1,1,1
access_quality_admin_admin,access_quality_admin_admin,model_quality_admin,techtrioz_group_admin,1,1,1,1
access_qa_team_admin,access_qa_team_admin,model_qa_team,techtrioz_group_admin,1,1,1,1
access_doctor_feedback_admin,access_doctor_feedback_admin,model_doctor_feedback,techtrioz_group_admin,1,1,1,1
access_rca_team_admin,access_rca_team_admin,model_rca_team,techtrioz_group_admin,1,1,1,1
access_role_manager_admin,access_role_manager_admin,model_role_manager,techtrioz_group_admin,1,1,1,1
access_employee_list_admin,access_employee_list_admin,model_employee_list,techtrioz_group_admin,1,1,1,1
access_complain_employee_admin,access_complain_employee_admin,model_complain_employee,techtrioz_group_admin,1,1,1,1

access_employee_incident_user,access_employee_incident_user,model_employee_incident,techtrioz_group_user,1,1,1,1
complain_managment.access_employee_task,access_employee_task,complain_managment.model_employee_task,base.group_user,1,1,1,1

access_quality_admin_qa,access_quality_admin_qa,model_quality_admin,techtrioz_group_qa,1,1,1,1
access_employee_list_qa,access_employee_list_qa,model_employee_list,techtrioz_group_qa,1,1,1,1

access_doctor_feedback_doctor,access_doctor_feedback_doctor,model_doctor_feedback,techtrioz_group_doctor,1,1,1,1

access_rca_team_rcateam,access_rca_team_rcateam,model_rca_team,techtrioz_group_rcateam,1,1,1,1
access_employee_list_rcateam,access_employee_list_rcateam,model_employee_list,techtrioz_group_rcateam,1,1,1,1
access_role_manager_role,access_role_manager_role,model_role_manager,techtrioz_group_role,1,1,1,1