<?xml version="1.0" encoding="utf-8"?>
<odoo>
    <record id="techtrioz_category_evercarehospital" model="ir.module.category">
        <field name="name">EverCare_Hospital</field>
    </record>

<!--    <record id="techtrioz_group_qualityadmin" model="res.groups">-->
<!--        <field name="name">Quality Admin</field>-->
<!--         <field name="category_id" ref="techtrioz_category_evercarehospital"/>-->
<!--    </record>-->

    <record id="techtrioz_group_user" model="res.groups">
        <field name="name">User</field>
         <field name="category_id" ref="techtrioz_category_evercarehospital"/>
    </record>

    <record id="techtrioz_group_admin" model="res.groups">
        <field name="name">Admin</field>
         <field name="category_id" ref="techtrioz_category_evercarehospital"/>
    </record>

    <record id="techtrioz_group_qa" model="res.groups">
        <field name="name">Quality Admin</field>
         <field name="category_id" ref="techtrioz_category_evercarehospital"/>
    </record>

     <record id="techtrioz_group_doctor" model="res.groups">
        <field name="name">Doctor</field>
         <field name="category_id" ref="techtrioz_category_evercarehospital"/>
    </record>

    <record id="techtrioz_group_rcateam" model="res.groups">
        <field name="name">RCA Team</field>
         <field name="category_id" ref="techtrioz_category_evercarehospital"/>
    </record>

      <record id="techtrioz_group_role" model="res.groups">
        <field name="name">Role Manager</field>
         <field name="category_id" ref="techtrioz_category_evercarehospital"/>
    </record>

</odoo>