<?xml version="1.0" encoding="utf-8"?>
<odoo>
    <data noupdate="1">
        <record id="sequence_employee_incident" model="ir.sequence">
            <field name="name">Employee Incident Sequence</field>
            <field name="code">employee.incident.sequence</field>
            <field name="prefix">INC</field>
            <field name="padding">8</field>
        </record>
    </data>
    <data noupdate="1">
        <record id="sequence_employee_id" model="ir.sequence">
            <field name="name">Incident Employee Sequence</field>
            <field name="code">incident.employee.sequence</field>
            <field name="prefix">EMP</field>
            <field name="padding">6</field>
        </record>
    </data>
    <data noupdate="1">
        <record id="sequence_incident_code" model="ir.sequence">
            <field name="name">Incident code Sequence</field>
            <field name="code">incident.code.sequence</field>
            <field name="prefix">INC </field>
            <field name="padding">6</field>
        </record>
    </data>
</odoo>